F-tem,Adrian;Alonso;Antonio;Ariel;Boatswain;Caliban;Ceres;Ferdinand;Francisco;Gonzalo;Iris;Juno;Mariners;Master;Miranda;Prospero;Sebastian;Stephano;Trinculo,Ad.;Adr.;Adri.;Al.;Alo.;Alon.;Alons.;An.;Ant.;Anth.;Ar.;Ari.;Ariel;Ariel.;Ariell;Ariell.;Bot.;Botes.;Botes:;Cal.;Cer.;Fer.;Fer. Mir.;Fr.;Fran.;Gon.;Gonz.;Ir.;Iris.;Iu.;Mari.;Mast.;Master.;Mir.;Fer. Mir.;Mira.;Pro.;Pros.;Seb.;Sebas.;St.;Ste.;Tr.;Tri.;Trin.,adi;alo;ant;ari;boa;cal;cer;fer;fra;gon;iri;jun;mar;mas;mir;pro;seb;ste;tri
F-tgv,First Outlaw;Second Outlaw;Third Outlaw;Antonio;Duke of Milan;Eglamour;Host;Julia;Launce;Lucetta;Panthino;Proteus;Silvia;Speed;Thurio;Valentine,1.Out.;1Out.;2.Out.;2Out.;3.Out.;3Out.;Ant.;Du.;Duk.;Duke.;Eg.;Egl.;Ho.;Iu.;Iul.;La.;Lau.;Laun.;Launce.;Lou.;Lu.;Luc.;Pan.;Pant.;Panth.;Pro.;Sil.;Sp.;Spee.;Speed;Speed.;Th.;Thu.;Thur.;Val.;Valen.;Valentine.;Vel.,out.1;out.2;out.3;ant;duk;egl;hos;jul;lau;luc;pan;pro;sil;spe;thu;val
F-wiv,Servant;First Servant;Second Servant;All;Anne Page;Bardolph;Doctor Caius;Sir Hugh Evans;Falstaff;Fenton;Ford;Host;Page;Mistress Page;Mistress Ford;Nym;Pistol;Hostess Quickly;Robin;Rugby;Robert Shallow;Simple;Slender;William Page,Ser.;1 Ser.;2 Ser.;All.;An.;Anne.;Ba.;Bar.;Bard.;Ca.;Cai.;Caius.;Eu.;Eua.;Euan.;Euans.;Euant.;Fa.;Fal.;Fall.;Fen.;Fenton.;For.;Ford.;Ho.;Host.;Ma. Pa;Ma. Pa.;Mr. Page.;Pag.;Page.;M. Ford. M. Page.;M. Pa;M. Pa.;M. Pa.;M. Pag.;M. Page.;Mi. Page.;Mis. Page.;Mist. Pag.;Mist. Page.;Mist. Pa.;M. Ford.;M. Ford. M. Page.;Mi. Ford.;Mis. Ford.;Mist. Ford.;Ni.;Nim.;Nym.;Pist;Pist.;Qu.;Qui.;Rob.;Robin.;Ru.;Rug.;Sh.;Shal.;Shall.;Si.;Sim.;Simp.;Sl.;Slen.;Will.,ser;ser.1;ser.2;all;ann;bar;cai;eva;fal;fen;for;hos;pag;mpa;mfo;nym;pis;mqu;rob;rug;sha;sim;sle;wil
F-mm,First Gentleman;Second Gentleman;Abhorson;Angelo;Barnardine;Mistress Overdone;Boy;Claudio;Pompey;Vincentio;Elbow;Escalus;Friar Thomas;Froth;Isabella;Juliet;Justice;Lucio;Mariana;Messenger;Francisca;Friar Peter;Provost;Servant,1. Gen.;1. Gent.;2. Gent.;Ab.;Abh.;An.;Ang.;Bar.;Baw.;Bawd.;Boy.;Boy;Cla.;Clau.;Clo.;Clow.;Du.;Duk.;Duke.;Elb.;Esc.;Fri.;Fro.;Froth.;Is.;Isa.;Isab.;Iul.;Iust.;Luc.;Lucio.;Mar.;Mess.;Nun.;Peter.;Pro.;Ser.,gen.1;gen.2;abh;ang;bar;mov;boy;cla;pom;duk;elb;esc;tho;fro;isa;jul;jus;luc;mar;mes;nun;pet;pro;ser
F-err,Aemilia;Adriana;Angelo;Antipholus of Syracuse;Balthazar;Courtezan;Dromio of Syracuse;Solinus;Antipholus of Ephesus;Dromio of Ephesus;Merchant of Ephesus;Aegeon;Goldsmith;Gaoler;Juliana;Luce;Luciana;Messenger;Officer;Pinch,Ab.;Abb.;Abbesse.;Ad.;Adr.;Adri.;Adria.;An.;Ang.;Angelo.;Ant.;Anti.;Antip.;Antiph.;S.Ant.;S.Anti.;Bal.;Balth.;Baltz.;Cur.;Curt.;Dro.;Drom.;S.Dr.;S.Dro.;S.Drom.;S.Dromio.;Duk.;Duke.;E.An.;E.Ant.;E.Anti.;Eph.Ant.;E.D.;E.Dr.;E.Dro.;E.Drom.;E.Dromio.;E.Mar.;Mar.;Marchant.;Mer.;Merch.;Fa.;Fat.;Fath.;Father.;Gold.;Goldsmith.;Iaylor.;Iulia.;Luc.;Luce.;Luci.;Mess.;Off.;Offi.;Offic.;Pinch.,abb;adr;ang;san;bal;cur;sdr;duk;ean;edr;mer;aeg;gol;gao;jul;luc;lci;mes;off;pin
F-ado,Dogberry;Antonio;Balthasar;Don John;Beatrice;Benedick;Hero;Borachio;Boy;Claudio;Conrade;Cowley;Friar Francis;Verges;Keeper;Kemp (Sexton);Leonato;Lord;Margaret;Messenger;Don Pedro;Sexton;Ursula;Watchman,Andrew.;Con. Dog.;Con. Do.;Con.;Con;Const.;Const. Dog.;Dog.;Dogb.;Ant.;Anth.;Brot.;Broth.;Brother.;Old.;Bro.;Balt.;Balth.;Bast.;Bastard.;Basta.;Ioh.;Iohn.;Bea.;Beat.;Beatr.;Beatrice.;Ben.;Bene.;Bened.;Bero.;Her.;Hero.;Bor.;Bora.;Borachio.;Boy.;Cla.;Clau.;Claud.;Claudio.;Conr.;Couley.;Cowley.;Fran.;Fri.;Frier.;Head.;Headb.;Ver.;Verg.;Verges.;erges.;Kee.;Keeper.;Kem.;Kemp.;Leo.;Leon.;Leona.;Leonato.;Lo.;Lord.;Mar.;Marg.;Marga.;Mess.;Messen.;Messenger.;Ped.;Pedr.;Pedro.;Pri.;Prin.;Princ.;Prince.;Sex.;Sext.;Sexton.;Vrs.;Vrsu.;Vrsula.;rsu.;rsula.;Watch;Watch.,dog;ant;bal;joh;bea;ben;her;bor;boy;cla;con;cow;fra;ver;kee;kem;leo;lor;mar;mes;ped;sex;urs;wat
F-lll,First Lady;Second Lady;Dull;Don Adriano de Armado;Biron;Boyet;Boy Hercules;Boy Sampson;Costard;Sir Nathaniel;Dumain;Ferdinand;Forester;Holofernes;Jaquenetta;Katharine;Mercade;Maria;Rosaline;Longaville;Lord;Moth;Princess of France,1 Lady.;2. Lad.;Anth.;Con.;Const.;Du.;Dul.;Dull.;Ar.;Arm.;Arma.;Br.;Bra.;Brag.;Be.;Ber.;Bero.;Berow.;Berowne.;Bo.;Boi.;Boiet.;Boy.;Boyet.;Bro.;Boy. Hercules.;Boy. Sampson.;Clo.;Clow.;Cost.;Cur.;Cura.;Curat.;Curat.Nath.;Nat.;Nath.;Dum.;Duma.;Dumane.;Fer.;Ferd.;Kin.;King.;Nau.;For.;Hol.;Ped.;Peda.;Pedant.;Iaq.;Iaqu.;Mai.;Maid.;Ka.;Kat.;Kath.;Mar.;Marc.;La.;La. Ma.;Lad.;Lad. Ma.;Ma.;Mar.;Mari.;Maria.;La. Ro.;Lad. Ro.;Ros.;Rosa.;Rossa.;Lon.;Long.;Longa.;Longauill.;Lor.;Boy.;Pag.;Page.;Pri.;Prin.;Princ.;Q.;Qu.;Que.;Quee.;Queen.,lad.1;lad.2;dul;adr;bir;boy;her;sam;cos;nat;dum;fer;for;hol;jaq;kat;mes;mar;ros;lon;lor;mot;pri
F-mnd,First Fairy;Second Fairy;Third Fairy;All;Bottom;Cobweb;Demetrius;Theseus;Hippolyta;Egeus;Fairy;Flute;Helena;Hermia;Lysander;Snug;Starveling;Mustardseed;Oberon;Peaseblossom;Quince;Philostrate;Puck;Titania;Snout,1. Fai.;2. Fai.;3. Fai.;All.;Bot.;Bottom.;Bottome.;Clo.;Clow.;Clown.;Clowne.;Pir.;Pyr.;Pyra.;Cob.;De.;Dem.;Deme.;Demet.;Du.;Duk.;Duke.;The.;Thes.;Dut.;Hip.;Ege.;Egeus.;Fai.;Fair.;Flu.;Flut.;This.;Thys.;Hel.;Hele.;Hell.;Her.;Lis.;Lys.;Lysa.;Lysan.;Lyon.;Snug.;Moon.;Moone.;Star.;Staru.;Mus.;Ob.;Ober.;Peas.;Pease.;Pet.;Peter.;Pro.;Prol.;Qui.;Quin.;Quince.;Phi.;Pu.;Puc.;Puck.;Pucke.;Puk.;Ro.;Rob.;Robin.;Qu.;Que.;Queen.;Tita.;Tyta.;Sn.;Snout.;Snowt.;Wall.,fai.1;fai.2;fai.3;all;bot;cob;dem;duk;hip;ege;fai;flu;hel;her;lys;snu;sta;mus;obe;pea;qui;phi;puc;tit;sno
F-mv,All;Antonio;Prince of Arragon;Balthasar;Bassanio;Old Gobbo;Launcelot Gobbo;Duke;Gratiano;Jessica;Shylock;Leonardo;Lorenzo;Messenger (Servant);Prince of Morocco;Nerissa;Portia;Salanio;Salarino;Servant;Tubal,All.;An.;Ant.;Anth.;Antho.;Anthonio.;Ar.;Balth.;Bas.;Bass.;Gob.;Clo.;Clow.;Clown.;Lan.;Lau.;Laun.;Du.;Duk.;Duke.;Gra.;Grat.;Grati.;Ies.;Iess.;Iessi.;Iessica.;Iew.;Shy.;Leon.;Lor.;Loren.;Lorens.;Mes.;Mor.;Ner.;Nerris.;Nerrissa.;Por.;Port.;Portia.;Sal.;Sala.;Salino.;Sol.;Salar.;Sola.;Ser.;Tub.,all;ant;arr;bal;bas;gob;lau;duk;gra;jes;shy;leo;lor;mes;mor;ner;por;sln;slr;ser;tub
F-ayl,First Lord;First Page;Second Brother;Second Lord;Second Page;Adam;Amiens;Audrey;Celia;Charles;Touchstone;Corin;Dennis;Frederick;Duke Senior;Hymen;Jaques;Le Beau;Lord;Oliver;Sir Oliver Martext;Orlando;Phebe;Rosalind;Silvius;William,1. Lo.;1. Lor;1. Lord.;1. Pa.;2. Bro.;2. Lor.;2. Pa.;Ad.;Adam.;Amien.;Amy.;Aud.;Awd.;Cel.;Cha.;Char.;Charles.;Cle.;Clo.;Clow.;Co.;Cor.;Corin.;Den.;Du.;Duk.;Duke.;Du. Se.;Du. Sen.;Duk. Sen.;Duke Sen.;Hy.;Ia.;Iaq.;Le Beu.;Lord.;Ol.;Oli.;Oliu.;Oliuer.;Ol.;Orl.;Orlan.;Phe.;Ros.;Rosa.;Rosalind.;Sil.;Will.,lor.1;pag.1;bro.2;lor.2;pag.2;ada;ami;aud;cel;cha;tou;cor;den;dkf;dks;hym;jaq;leb;lor;oli;olm;orl;phe;ros;sil;wil
F-shr,First Huntsman;First Manservant;First Servant;Second Huntsman;Second Manservant;Second Player;Second Servant;Third Manservant;Third Servant;All;Baptista Minola;Christopher Sly;Bianca;Biondello;Curtis;Haberdasher;Gremio;Grumio;Hortensio;Hostess;Huntsmen;Joseph;Katherina;Lady;Lord;Lucentio;Messenger;Nathaniel;Nicholas;Character;Pedant;Peter;Petruchio;Philip;Players;Servant;Player ;Tailor;Tranio;Vincentio;Widow,1.Hun.;1.Hunts.;1.Man.;1.Ser.;2.H.;2.Hun.;2.M.;2.Man.;2.Player.;2.Ser.;3.Man.;3.Ser.;All.;Bap.;Bapt.;Beg.;Bian.;Bianc.;Bianca.;Bio.;Bion.;Biond.;Cur.;Curt.;Fel.;Gra.;Gre.;Grem.;Gremio.;Gru.;Grumio.;Hor.;Hort.;Horten.;Host.;Hunts.;Ios.;Ka.;Kat.;Kate.;La.;Lady.;Lo.;Lord;Lord.;Luc.;Lucen.;Mes.;Nat.;Nath.;Nick.;Nicke.;Par.;Ped.;Peda.;Pedan.;Peter.;Pet.;Petr.;Petru.;Phil.;Plai.;Players.;Ser.;Sincklo.;Tai.;Tail.;Tal.;Tra.;Tran.;Tranio.;Tri.;Ven.;Vin.;Vinc.;Wid.,hun.1;man.1;ser.1;hun.2;man.2;pla.2;ser.2;man.3;ser.3;all;bap;sly;bia;bio;cur;hab;gre;gru;hor;hos;hun;jos;kat;lad;lor;luc;mes;nat;nic;par;ped;pet;ptr;phi;pls;ser;pla;tai;tra;vin;wid
F-aww,Fourth Lord;All;Bertram;Lavache;Countess of Rousillon;Diana;Duke of Florence;Second Lord;First Lord;Gentleman;Helena;First Soldier;King of France;Lafeu;Mariana;Page;Parolles;Servant;Soldier;Steward;widow,4. Lord.;All.;Ber.;Ro.;Ros.;Ross.;Rossill.;Clo.;Clow.;Clown.;Clowne.;Cou.;Coun.;Count.;Mo.;Ol. Cou.;Old. Cou.;Old La.;La.;Lad.;Lady.;Di.;Dia.;Dian.;Diana.;Duke.;Fren. E.;Fren.E.;French E.;1. Lord E.;2. Lo.;2. Lo. E.;C. E.;Cap.;Cap. E.;L. 2. E.;L. E.;Lo. E.;Lor. E.;Fren.G.;French G.;1. Lo.;1. Lo. G.;1. Lor. G.;1. Lord.;Cap. G.;L. G.;Lo. G.;Lord. G.;1. G.;Gen.;Gent.;Hel.;Hell.;Int.;Inter.;Interp.;1. Sol.;Kin.;King.;L. Laf.;Laf.;Lafew.;Ol. Lord;Ol. Laf.;Old Laf.;Mar.;Maria.;Pag.;Par.;Paroll.;Parr.;Ser.;Sol.;Ste.;Stew.;Wid.;Widdow.,lor.4;all;ber;lav;cou;dia;duk;cpe;cpg;gen;hel;int;kin;laf;mar;pag;par;ser;sol;ste;wid
F-tn,First Officer;Second Officer;Sir Andrew Aguecheek;Antonio;Captain;Feste;Curio;Orsino;Fabian;Maria;Malvolio;Olivia;Priest;Sebastian;Servant;Sir Toby Belch;Valentine;Viola,"1. Off.;1. Offi.;2 Off.;2. Off.;An.;And.;An.;Ant.;Cap.;Cl.;Clo;Clo.;Clow.;Sir To.;Cu.;Cur.;Du.;Duke.;Fa.;Fab.;Ma;Ma.;Mar.;Mal.;Mall.;Maluo.;Ol.;Priest.;Seb.;Ser.;To,;To.;Tob.;Val.;Vio.",off.1;off.2;and;ant;cap;fes;cur;duk;fab;mar;mal;oli;pri;seb;ser;tob;val;vio
F-wt,Second Lady;Antigonus;Archidamus;Autolycus;Camillo;Cleomenes;Clown;Dion;Dorcas;Emilia;Florizel;Gaoler;First Gentleman;Second Gentleman;Third Gentleman;Hermione;First Lady;Leontes;First Lord;Lords;Mamillius;Mariner;Mopsa;Officer;Paulina;Perdita;Polixenes;Servant;Old Shepherd;Time,2. Lady.;Ant.;Antig.;Arch.;Aut.;Aut:;Autol.;Cam.;Cleo.;Clo.;Clow.;Clowne.;Dio.;Dion.;Dor.;Dor:;Dorcas.;Emil.;Flo.;Gao.;Gent. 1.;Gent. 2.;Gent. 3.;Her.;Lady.;Leo.;Leon.;Lord.;Lords.;Mam.;Mar.;Mop.;Mop:;Offic.;Officer.;Pau.;Paul.;Per.;Perd.;Pol.;Ser.;Seru.;Seruant.;Shep.;Time.,lad.2;ant;arc;aut;cam;cle;clo;dio;dor;emi;flo;gao;gen.1;gen.2;gen.3;her;lad.1;leo;lor.1;lds;mam;mar;mop;off;pau;per;pol;ser;osh;tim
F-jn,Arthur;Lymoges;Philip the Bastard;Lord Bigot;Blanch;Chatillon;Citizen;Constance;Lewis;English Herald;Queen Elinor;King Phillip;Earl of Essex;First Executioner;French Herald;James Gurney;Prince Henry;Hubert de Burgh;King John;Lady;Melun;Messenger;Earl of Pembroke;Cardinal Pandulph;Peter of Pomfret;Faulconbridge;Earl of Salisbury,Ar.;Art.;Arth.;Arthur.;Aus.;Aust.;Ba.;Bast.;Basst.;Best.;Big.;Bla.;Blan.;Blanch.;Chat.;Cit.;Con.;Cons.;Const.;Daul.;Dol.;Dolph.;Lew.;Lewis.;E.Har.;Eng.;Ele.;Elea.;Elen.;Eli.;Elinor.;Old Qu.;Qu.;Que.;Queen.;Fra.;Fran.;France.;Phi.;Phil.;Philip.;Essex.;Exec.;F. Her.;Gour.;Hen.;Hu.;Hub.;Hubert.;Io.;Ioh.;Iohn.;John.;K. Io.;K. Iohn.;K.Iohn.;K.John.;Kin.;King.;Lady.;Mel.;Mes.;P.;Pem.;Pan.;Pand.;Pond.;Pet.;Rob.;Robert.;Sal.,art;lym;phi;big;bla;Cha;cit;con;lew;eng;eli;fra;ess;exe;fre;gou;hen;hub;joh;lad;mel;mes;pem;pan;pet;fau;sal
F-r2,First Herald;Second Herald;Abbott;Duke of Aumerle;Bagot;Lord Berkeley;Bushy;Henry Bollingbroke (Henry IV;Captain;Bishop of Carlisle;Duchess of Gloucester;Duchess of York;Sir Pierce of Exton;Lord Fitzwater;Gardener;John of Gaunt;Green;Groom;Keeper;King Richard II;Lady;Lord Marshal;Thomas Mowbray;Earl of Northumberland;Hotspur (Henry Percy);Queen;Lord Ross;Earl of Salisbury;Sir Stephen Scroope;Servant;Duke of Surrey;Lord Willoughy;Edmund of Langley,1. Har.;2. Har.;Abbot.;Au.;Aum.;Ba.;Bag.;Bark.;Bu.;Bush.;Bushie.;Bul.;Bull.;Bullingbrooke.;Capt.;Car.;Carl.;Dut.;Duch.;Dut.;Dutch.;Dutt.;Ex.;Ext.;Exton.;Fitz.;Fitzw.;G;Gar.;Gard.;Ga.;Gan.;Gau.;Gaunt.;Gr.;Gre.;Gree.;Greene.;Groo.;Keep.;Kin.;King.;Ri.;Ric.;Rich.;La.;Mar.;Mo.;Mow.;Nor.;North.;Per.;Percie.;Qu.;Ros.;Ross.;Sal.;Salub.;Scroope.;Ser.;Surrey.;Wil.;Willo.;Yor.;York.;Yorke.;Yorks.,her.1;her.2;abb;aum;bag;ber;bus;bol;cap;car;dgl;dyo;ext;fit;gar;gau;gre;gro;kee;ric;lad;mar;mow;nor;per;que;ros;sal;scr;ser;sur;wil;yor
F-1h4,First Carrier;Second Carrier;Archbishop Scroop;Lord Bardolph;Blunt;Carrier;Chamberlain;Earl of Douglas;Falstaff;Francis;Gadshill;Glendower;Hostess Quickly;Hotspur (Henry Percy);Prince John;Henry IV;Lady Percy;Mortimer;Messenger;Earl of Northumberland;Ostler;Peto;Edward Poins;Prince Henry;Servant;Sheriff;Sir Michael;Thieves;Travellers;Vernon;Vintner;Earl of Westmoreland;Earl of Worcester,1. Car.;2. Car.;Arch.;Bar.;Bard.;Blu.;Blunt.;Blunt:;Car.;Cham.;Dow.;Dowg.;Fal.;Falst.;Fast.;Fran.;Gad.;Glend.;Host.;Hostesse.;Hot.;Hots.;Hotsp.;Ioh.;Iohn.;P. Ioh.;K.;Kin.;King.;La.;Lady.;Mart.;Mort.;Mes.;Mess.;Nor.;North.;Ost.;Peto.;Poin.;Poines.;Pointz.;Poy.;Poyn.;Poynes.;Pri.;Pria.;Prin.;Prince.;Ser.;She.;Sir M.;Sir Mic.;Sir Mich.;Theeues.;Tra.;Ver.;Vern.;Vint.;West.;Westm.;Wor.;Worc.,car.1;car.2;scr;bar;blu;car;cha;dou;fal;fra;gad;gle;qui;hot;joh;hn4;lpe;mor;mes;nor;ost;pet;poi;hn5;ser;she;mic;thi;tra;ver;vin;wes;wor
F-2h4,First Drawer;First Groom;Second Drawer ;Second Groom;Archbishop Scroop;Bardolph;Peter Bullcalf;Lord Chief Justice;Prince Thomas;Sir John Colville;Davy;Doll Tearsheet;(Francis;Epilogue;Falstaff;Fang;Francis Feeble;Prince Humphrey;Gower;Harcourt;Lord Hastings;Hostess Quickly;Prince John;Brothers;Henry IV;Lady Percy;Messenger;Morton;Ralph Mouldy;Lord Mowbray;Earl of Northumberland;Officer (First Beadle);Henry V;Page;Peto;Pistol;Edward Poins;Porter;Rumour;Servant;Simon Shadow;Robert Shallow;Silence;Snare;Travers;Earl of Warwick;Thomas Wart;Earl of Westmoreland;Lady Northumberland,"1. Draw.;1. Drawer.;1. Groo.;2. Draw.;2. Groo.;Ar.;Arch.;Bish.;Bar.;Bard,;Bard.;L. Bar.;Bul.;Ch. Iu.;Ch. Iust.;Ch: Iust.;Iu.;Iust;Iust.;Cla.;Clar.;Glou. Cla.;Col.;Da.;Dau.;Dauie.;Dauy.;Dol.;Drawer.;Epilogue;Fal;Fal.;Falst.;Falstaffe.;Faltasse.;Fang.;Feeble,;Feeble.;Glo.;Glou.;Glou. Cla.;Gow.;Harc.;Hast.;Host.;Hostesse.;Ioh.;Iohn.;John.;Iohn., &c.;King.;La.;Lady.;Mes.;Mess.;Mor.;Moul.;Mould.;Mow.;Nor.;North.;Off.;Officer.;P. Hen.;Pr.;Prin.;Prince.;Prin. Poin.;Pag.;Page;Page.;Peto.;Pist;Pist.;Pistol.;Poin.;Pointz.;Prin. Poin.;Por.;Rumour;Ser.;Shad.;Shal;Shal.;Shall.;Shallow.;Sil.;Sn.;Snare.;Tra.;War.;Warw.;Warwicke.;Wart.;West.;Wife.",dra.1;gro.1;dra.2;gro.2;scr;bar;bul;lcj;cla;col;dav;dol;dra;epi;fal;fan;fee;glo;gow;har;has;qui;joh;brs;hn4;lap;mes;mor;mou;mow;nor;off;hn5;pag;pet;pis;poi;por;rum;ser;shd;shl;sil;sna;tra;war;wrt;wes;lan
F-h5,Alice;All;First Ambassador;Archbishop of Canterbury;Bishop of Ely;Bardolph;Bates;Duke of Bedford;Boy;Duke of Brittany (Duke of Bourbon);Duke of Burgundy;Earl of Cambridge;Chorus;Constable of France;Court;Lewis the Dauphin;Henry V;Sir Thomas Erpingham;Duke of Exeter;Fluellen;King of France;French Soldier;Duke of Gloucester;Governor of Harfleur;Gower;Sir Thomas Grey;Grandpre;Herald;Hostess Quickly;Macmorris;Katharine;Lords;Messenger;Montjoy;Nym;Duke of Orleans;Pistol;Queen Isabel;Rambures;Earl of Salisbury;Jamy;Lord Scroop;Earl of Warwick;Earl of Westmoreland;Williams;Duke of York,"Alice;Alice.;Lady.;All.;Amb.;B.;B. Can.;B. Cant,;B. Cant.;Bish. Can.;Bish. Cant.;Cant.;B. Ely.;Bish.;Bish. Ely.;Bar.;Bard.;Bates.;Bed.;Bedf.;Bedf,;Bedf;Boy.;Brit.;Bur.;Bur.;Burg.;Cam.;Chorus.;Con.;Const.;Court.;Dol.;Dolph.;Dolphin.;Eng.;England.;Kin.;King.;Erp.;Erping.;Exe.;Exe:;Exet.;Exeter.;Flu.;Welch.;Fra.;France.;French King.;Kin.;King.;Fre.;Fren.;French.;Glouc.;Gloster.;Gouer.;Gour.;Gow.;Gower.;Gray.;Grey.;Kni.;Grandpree.;Her.;Herald.;Host.;Hostesse.;Woman.;Irish.;Kat.;Kate.;Kath.;Kathe.;Lords.;Mess.;Messeng.;Mont.;Mount.;Mountioy.;Nim.;Nym.;Orl.;Orleance.;Pi.;Pist.;Pistoll.;Quee.;Ram.;Ramb.;Sal.;Salisb.;Scot.;Scro.;Warw.;West.;Westm.;Wil.;Will.;Williams.;Yorke.",ali;all;amb.1;can;ely;bar;bat;bed;boy;bri;bur;cam;cho;con;cou;lew;hen;erp;exe;flu;fra;fre;glo;gov;gow;gre;gra;her;hos;mac;kat;lor;mes;mon;nym;orl;pis;isa;ram;sal;jam;scr;war;wes;wil;yor
F-1h6,First Serving-Man;First Warder;Second Messenger;Second Serving-Man;Second Warder;Third Messenger;Third Serving-Man;Duke of Alencon;All;Basset;Bastard of Orleans;Duke of Bedford;Boy;Duke of Burgundy;Captain;Winchester;Charles;Countess of Auvergne;Duke of Exeter;Sir John Fastolfe;Sir Thomas Gargrave;Sir William Glansdale;Duke of Gloucester;Joan la Pucelle;John Talbot;Henry VI;Keeper;Lawyer;Legate;Sir William Lucy;Queen Margaret;Master-Gunner;Lord Mayor of London;Messenger;Edmund Mortimer;Porter;Reignier;Richard Plantagenet (Duke of Gloucester);Earl of Salisbury;Scout;Sentinels;Servant;Serving-Men;Shepherd;Duke/Earl of Somerset;Soldier;Earl of Suffolk;Lord Talbot/Earl of Shrewsbury;Vernon;Earl of Warwick;Watch;Woodvile,1. Man.;1. Seru.;1. Seruing.;Glost. 1. Man.;1. Warder.;2. Mes.;2. Seru.;2. Seruing.;2. Warder.;3. Mes.;3. Mess.;3. Seru.;Alan.;Alans.;Alanson.;All.;Bas.;Bass.;Bast.;Bastard.;Bed.;Bedf.;Bedford.;Boy.;Bur.;Burg.;Cap.;Capt.;Car.;Win.;Winch.;Winchest.;Char.;Charl.;Charles.;Dolph.;Count.;Exe.;Exet.;Fal.;Falst.;Gargraue.;Glansdale.;Glo.;Glost.;Gloucester.;Glost. 1. Man.;Ioane.;Pu.;Puc.;Pucel.;Pucell.;Pue.;Puzel.;Iohn.;K.;King.;Keeper.;Lawyer.;Legat.;Lu.;Luc.;Lucy.;M.;Mar.;M. Gunner.;Maior.;Mes.;Mess;Mess.;Mor.;Mort.;Port.;Reig.;Reigneir.;Rich.;Yor.;York.;Yorke;Yorke.;Salisb.;Scout.;Sent.;Ser.;Seru.;Seruingmen.;Shep.;Som.;Sould.;Souldier.;Suf.;Suff.;Tal.;Talb.;Talbot.;Ver.;Vern.;Vernon.;War.;Warw.;Watch.;Wooduile.,ser.1;war.1;mes.2;ser.2;war.2;mes.3;ser.3;ale;all;bas;orl;bed;boy;bur;cap;win;cha;coa;exe;fas;gar;gla;glo;jlp;jot;hn6;kee;law;leg;luc;mar;mgn;lml;mes;mor;por;rei;rpl;sal;sco;sns;ser;ses;shp;som;sol;suf;tal;ver;war;wat;woo
F-2h6,First Murderer;First Citizen;First Gentleman;First Neighbour;First Petitioner;First Prentice;Second Murderer;Second Gentleman;Second Neighbour;Second Petitioner;Second Prentice;Third Neighbour;All;Thomas Horner;Beadle;Winchester;George Bevis;William Stafford;Duke of Buckingham;Bolingbroke;Dick the Butcher;Jack Cade;Clerk of Chatham;Lord Clifford;Commons;Eleanor;King Edward IV (Plantagenet);Duke of Gloucester;Herald;John Holland;Father John Hume;Alexander Iden;Henry VI;Lieutenant (Captain);Master;Mayor of Saint Albans;Mate;Messenger;Michael;Townsman;Peter;Post;Queen Margaret;Richard Plantagenet the Younger;Earl of Salisbury;Lord Say;Lord Scales;Servant;Sheriff;Simpcox;Smith the Weaver;Duke/Earl of Somerset;Soldier;Spirit;Sir Humphrey Stafford;Sir John Stanley;Earl of Suffolk;Vaux;Walter Whitmore;Earl of Warwick;Simpcox's Wife;Margaret Jourdain;Young Clifford;Richard Plantagenet (Duke of Gloucester),1.;1. Cit.;1. Gent.;1. Neighbor.;1. Pet.;1. Prent.;2.;2. Gent.;2. Neighbor.;2. Pet.;2. Prent.;3. Neighbor.;All;All.;Armorer.;Beadle.;Beau.;Car.;Card.;Win.;Beu.;Beuis.;Geo.;Bro.;Buc.;Buck.;Bullin.;Bulling.;But.;Butch.;Butcher.;Dic.;Dicke.;Ca.;Cade;Cade.;Clearke.;Clif.;Old Clif.;Commons;Duch.;Eli.;Elia.;Elianor.;Edw.;Glo.;Glost.;Gloster.;Humf.;Her.;Hol.;Iohn.;Hu.;Hum.;Hume.;Id.;Iden.;K.;Ki.;Kin.;King.;Lieu.;Ma.;Maior.;Mate.;Mes.;Mess.;Mich.;One.;Peter.;Post.;Q.;Qu.;Queen.;Queene.;Ric.;Rich.;Both.;Sal.;Salisb.;Salisbury.;Say.;Scales.;Seru.;Sh.;Sherife.;Simpc.;Smith.;Wea.;Weauer.;Som.;Somerset.;Soul.;Spirit.;Staf.;Staff.;Stanley.;Stanly.;Suf.;Suff.;Suffolke.;Vaux.;Wal.;Whit.;Whitm.;Both.;War.;Warw.;Warwicke.;Wife.;Witch.;Yo Clif.;Yo. Clif.;Yor.;York.;Yorke.;Yorke.',mur.1;cit.1;gen.1;nei.1;pet.1;pre.1;mur.2;gen.2;nei.2;pet.2;pre.2;nei.3;all;arm;bea;win;bev;wst;buc;bol;but;cad;cle;cli;com;ele;ed4;glo;her;hol;hum;ide;hn6;lie;mas;may;mat;mes;mic;tow;pet;pos;mar;rpy;sal;say;sca;ser;she;sim;smi;som;sol;spi;hst;sta;suf;vau;whi;war;wsi;jou;ycl;pla
F-3h6,First Watchman;Second Watchman;Third Watchman;All;Bona;George Plantagenet (Duke of Clarence);Lord Clifford;King Edward IV (Plantagenet);Duke of Exeter;Father;Gabriel (Messenger);Queen Elizabeth;Lord Hastings;Henry VI;Humfrey (Second Keeper);Huntsman;Sir John Mortimer;King Lewis XI;Lieutenant;Mayor of York;Queen Margaret;Messenger;First Messenger;Second Messenger;Marquess of Montague;Nobleman;Duke of Norfolk;Earl of Northumberland;Earl Oxford;Richard Plantagenet (Duke of Gloucester);Post;Prince Edward;Richard III (Duke of Gloucester);Lord (Earl) Rivers;Edmond;Sinklo (First Keeper);Duke/Earl of Somerset;Sir John Somerville;Son;Soldier;Tutor of Rutland;Earl of Warwick;Earl of Westmoreland,"1. Watch.;2. Watch.;3. Watch.;All.;Bona.;Cla;Cla.;Clar.;Clarence.;Qu.;Clif,;Clif.;Cliff.;Clifford.;Ed.;Edw.;Edward.;K.;K. Ed.;K. Edw.;King Ed.;King Edw.;King.;Exet.;Exeter.;Fa.;Fath.;Gabriel.;Gray.;Lady Grey.;Wid.;Cla.;Hast.;Hen.;Henry.;K. Hen.;Hum.;Hunts.;Huntsman.;Iohn.;Lew.;Lewis.;Lieu.;Maior.;Mar.;Marg.;Qu.;Quee.;Queene.;Mes.;Mess.;Mess. 1.;Mess. 2.;Mount.;Nob.;Nor.;Norf.;North.;Northumb.;Oxf.;Pl.;Plan.;Plant.;York.;Yorke.;Post.;Poste.;Pr. Ed.;Pr. Edw.;Prin.;Prin. Ed.;Prince Ed.;Prince.;Ric.;Rich.;Richard.;Riu.;Rutland.;Sin.;Sink.;Sinklo.;Som.;Somers.;Someru.;Son.;Soul.;Tutor.;War.;Warw.;Warwick.;Warwicke.;Westm.",wat.1;wat.2;wat.3;all;bon;cla;cli;ed4;exe;fat;gab;qel;has;hn6;hum;hun;jmo;lew;lie;may;qma;mes;mes.1;mes.2;mon;nob;nfk;nor;oxf;pla;pos;ped;ri3;riv;rut;sin;som;smv;son;sol;tut;war;wes
F-r3,First Citizen;First Messenger;First Murderer;Second Citizen;Second Messenger;Second Murderer;Third Citizen;Third Messenger;All;Lady Anne;Thomas Rotherham;Blunt;First and Second Murderers;Boy;Sir Robert Brakenbury;Duke of Buckingham;Berkeley;Cardinal Bourchier;Sir William Catesby;Children;Christopher Urswick;George Plantagenet (Duke of Clarence);Sir William Stanley;Margaret Plantagenet;Marquis of Dorset;Duchess of York;King Edward IV (Plantagenet);John Morton;Gentleman;Lord Grey;Lord Hastings;Sir Walter Herbert;Keeper;Lieutenant;Lord Mayor of London;Lords;Lord Lovel;Queen Margaret;Messenger;Duke of Norfolk;Queen Elizabeth;Earl Oxford;Page;Prince Edward;Priest;Prince Edward;Pursuivant;Sir Richard Ratcliff;Lord (Earl) Rivers;Richard III (Duke of Gloucester);Richmond (Henry VII);Scrivener;Sheriff of Wiltshire;Earl of Surrey;Sir James Tyrrel;Sir Thomas Vaughan;Duke of York,"1.;1.;1;Mess.;1. Mur.;Vil.;1;1.;2;2.;2.;2;Mess.;2. Mur.;2;2.;3;3.;3.;3;Mess.;All;All.;An.;Anne.;Ghost;Arch.;Blunt.;Both.;Boy.;Bra.;Buc.;Buck.;Ghost;Bue.;Buo.;Card.;Cat.;Cates.;Catesb.;Catesby.;Catesy.;Ch.;Chil.;Chri,;Chri.;Cla.;Ghost.;Clar.;Darb.;Der.;Sta.;Stan.;Stanley.;Daugh.;Dor.;Dors.;Du. Y.;Duch. Yorke.;Duch. Yorks.;Dut.;Dutch.;Edw.;King,;King.;Els.;Ely.;Gen.;Gent.;Gray.;Grey.;Ha.;Hast,;Hast.;Gho.;Her.;Keep.;Lieu.;Lo. Maior.;Ma.;Mainr.;Maior.;Lor.;Lords.;Lou.;Louell.;Mar.;Margaret.;Q. M.;Mes.;Mess.;Nor.;Que.;Qu;Qu.;Oxf.;Page.;Gh.;Ghost;Priest.;Prin.;Prince.;Ghosts.;Ghosts;Purs.;Ra.;Rat.;Ri.;Riu;Riu.;Riuers.;Glo.;Richard.;Rich.;Ritch.;King;King.;K.;Ric.;Rich;Rich!;Rich.,;Richm;Richm.;Rich.;Scr.;Sher.;Su.;Sur.;Tir.;Tyr.;Vaugh.;Yor.;Yorke.;Yorks.;Ghosts.;Ghosts",cit.1;mes.1;mur.1;cit.2;mes.2;mur.2;cit.3;mes.3;all;ann;aby;blu;bot;boy;bra;buc;ber;bou;cat;chi;chr;geo;sta;mpl;dor;duc;edw;ely;gen;gre;has;her;kee;lie;may;lds;lov;qma;mes;nor;qel;oxf;pag;pre;pri;prn;pur;rat;riv;rch;ric;scr;she;sur;tyr;vau;yor
F-h8,First Gentleman;Second Gentleman;Third Gentleman;Lord Abergavenny;All;Anne Bullen;Bishop Lincoln;Page;Brandon;Duke of Buckingham;Doctor Butts;Cardinal Campeius;Capucius;Cardinal Wolsey;Lord Chamberlain;Lord Chancellor;Archbishop Cranmer;Crier;Cromwell;Sir Anthony Denny;Gardiner;Garter;Gentleman;Griffith;Queen Katharine;Keeper;Henry VIII;Lord Sands;Old Lady;Sir Thomas Lovell;Man;Messenger;Duke of Norfolk;Patience;Porter;Prologue (Chorus);Sir Henry Guildford;Scribe;First Secretary;Sergeant;Servant;Duke of Suffolk;Surveyor;Earl of Surrey;Sir Nicholas Vaux,"1;1.;1:;Both.;2;2.;Both.;3;Abur.;All.;An.;An. B.;An. Bul.;Anne.;B. Lin.;Lin.;Boy.;Bra.;Bran.;Brandon.;Buc.;Buck;Buck.;Buck:;Buckingham.;Buts.;Butts,;Butts.;Cam.;Camp;Camp.;Cap.;Car.;Card.;Wol.;Wols.;Cham.;L. Ch.;L. Cham.;Chan.;Cran.;Crier.;Crom.;Den.;Gar.;Gard.;Gart.;Gent.;Gent. Vsh.;Grif.;Kath.;Qu.;Que.;Quee.;Queen.;Keep.;Kin.;King.;L. San.;San.;Lady.;Old L.;Old La.;Old. L.;Lou.;Louell.;Man.;Mes.;Nor.;Norf.;Norff.;Norfolke.;Pat.;Pati.;Por.;Port.;Prologue;S. Hen. Guilf.;Scri.;Scribe.;Secr.;Sergeant.;Seru.;Suf.;Suff.;Sur.;Sur.;Vaux.",gen.1;gen.2;gen.3;abe;all;ann;lin;pag;bra;buc;but;cam;cap;wol;chm;chn;cra;cri;cro;den;grd;grt;gen;gri;qka;kee;hn8;san;ola;lov;man;mes;nfk;pat;por;pro;gui;scb;sec;sgt;ser;suf;srv;sur;vau
F-tro,Achilles;Agamemnon;Ajax;All;Andromache;Margarelon;Boy;Calchas;Cassandra;Cressida;Deiphobus;Diomedes;Greeks (Myrmidons);Hector;Helen;Helenus;Man (Alexander;Menelaus;Nestor;Pandarus;Paris;Patroclus;Priam;Prologue (Chorus);Servant;Soldier;Thersites;Troilus;Ulysses;Aeneas,Ach.;Achi.;Achil.;Ag.;Aga.;Agam.;Aia.;Aiax.;Ajax.;All.;And.;Bast.;Boy.;Cal.;Chal.;Cas.;Cass.;Cassa.;Cre.;Cres.;Crs.;Dieph.;Dio.;Diom.;Gree.;Hect.;Hel.;Hel.;Man.;Men.;Mene.;Ne.;Nes.;Nest.;Nestor.;Pa.;Pan.;Pand.;Par.;Paris.;Pat.;Patr.;Patro.;Pri.;Priam.;Prologue;Ser.;Sold.;Ter.;Ther.;Tro.;Troy;Troy.;Troylus.;Ulis.;VIis.;Vl.;Vli.;Vlis.;Vlys.;Vlysses.,ach;aga;aia;all;and;mar;boy;cal;cas;cre;die;dio;gre;hec;hel;hns;man;men;nes;pan;par;pat;pri;pro;ser;sol;the;tro;uly;aen
F-cor,First Citizen;First Lord;First Senator;First Servingman;First Servingman;First Conspirator;First Officer;First Roman;First Soldier;First Watchman;Second Citizen;Second Lord;Second Senator;Second Servant;Second Servingman;Second Conspirator;Second Officer;Second Roman;Second Soldier;Second Watchman;Third Citizen;Third Conspirator;Third Lord;Third Roman;All Conspirators;All Lords;All The People;All Citizens;Third Servingman;Tullus Aufidius;Both Tribunes;Both;Young Coriolanus;Junius Brutus;Citizen;Cominius;Coriolanus;Aedile;Gentlewoman;Herald;Titus Lartius;Lieutenant;Menenius Agrippa;Messenger;Nobleman;Officer;Patrician;Roman;Sicinius Velutus;Senator;Soldier;Tribune;Valeria;Virgilia;Volumnia;Volsce,1;1 Cit.;1.;1. Cit.;1. Citizen.;1 Lord.;1. Lord.;1 Sen.;1. Sen.;1. Senat.;1 Ser.;1.;1;Both.;1. Con.;1. Off.;1. Rom.;1. Sol.;1. Wat.;2;2 Cit.;2 Citizen.;2.;2. Cit.;2 Lord.;2. Lord.;2 Sen.;2. Sen.;2. Sena.;2 Ser.;2.;2;Both.;2. Con.;2. Off.;2. Rom.;2. Sol.;2. Wat.;3;3 Cit.;3. Cit.;3. Con.;3. Consp.;3. Lord.;3. Rom.;All Consp.;All Lords.;Lords.;All People.;All Ple.;All.;Omnes.;3.;3;Auf.;Auff.;Auffi.;Auffid.;Aufid.;Both Tri.;Both.;Boy.;Bru.;Brut.;Brutus.;Cit.;Com.;Cor.;Cori.;Corio.;Coriol.;Mar.;Mart.;Martius.;Edi.;Edile.;Gent.;Herauld.;Lar.;Lart.;Lartius.;Latius.;Tit.;Titus Lartius.;Lieu.;Me.;Men.;Mene.;Menen.;Mes.;Mess.;Noble.;Off.;Patri.;Rom.;Scici.;Scicin.;Sic.;Sicin.;Sen.;Sena.;Senat.;Sol.;Soul.;Sould.;Tri.;Val.;Valer.;Valeria.;Vir.;Virg.;Virgil.;Vlug.;2. Ladies.;Vol.;Volum.;2. Ladies.;Volce.,cit.1;lor.1;sen.1;ser.1;srv.1;con.1;off.1;rom.1;sol.1;wat.1;cit.2;lor.2;sen.2;ser.2;srv.2;con.2;off.2;rom.2;sol.2;wat.2;cit.3;con.3;lor.3;rom.3;cns;lds;pps;all;srv.3;auf;trs;bot;yco;bru;cit;com;cor;aed;gen;her;lar;lie;men;mes;nob;off;pat;rom;sic;sen;sol;tri;val;vir;vlm;vol
F-tit,Martius;Quintus;Titus Andronicus;Aaron;Bassianus;Young Lucius;Captain;Chiron;Clown;Demetrius;Aemilius;Saturninus;Goth;Lavinia;Lucius;Marcus Andronicus;Messenger;Mutius;Nurse;Publius;Romans;Tamora;Tribunes,1. Sonne.;Mart.;Marti.;Martius.;2. Sonne.;Quin.;Quint.;Quintus.;An.;Andronicus.;Ti.;Tit.;Titus.;Aron.;Moore.;Bass.;Bassi.;Bassia.;Bassianus.;Boy.;Cap.;Chi.;Chir.;Chiro.;Clo.;Clow.;Clowne.;Dem.;Deme.;Demet.;Emi.;Emil.;Emill.;Emilli.;Empe.;Sat.;Satu.;Satur.;Saturnine.;Goth.;King.;Lau.;Laui.;Lauin.;Lauinia.;Lu.;Luc.;Luci.;Lucius.;Son.;Mar.;Marc.;Mess.;Mut.;Muti.;Nur.;Nurse.;Pub.;Publ.;Romans.;Tam.;Tamo.;Tamora.;Tribunes.,mrt;qui;and;aar;bas;ylu;cap;chi;clo;dem;aem;sat;got;lav;luc;mrc;mes;mut;nur;pub;rms;tam;trs
F-rom,First Capulet;Second Capulet;Second Montague;Lady Montague;Third Capulet;Third Musician;Third Watchman;Abraham;Apothecary;Benvolio;Capulet;Lady Capulet;Chorus;Citizen;First Watchman;Fellow;Friar Laurence;Gregory;Mercutio;Friar John;Juliet;First Musician;Second Musician;Balthasar;Montague;Musician;Nurse;Officer;Paris;Page;Peter;Prince Escalus;Romeo;Sampson;Servant;Tybalt;Watchman,1;1.;1. Capu.;2.;2. Cap.;2. Capu.;2. M.;2. Wife.;3. Cap.;3. Mu.;3. Wat.;Abra.;App.;Ben.;Cap.;Capu.;Fa.;Fat.;Cap. Wi.;La.;Lad.;Lady.;Law.;Old La.;Wife.;Chorus.;Citi.;Con.;Fel.;Fri.;Frier.;Gr.;Gre.;Greg.;Hora.;Mer.;Merc.;Mercu.;Iohn.;Iu.;Iul.;Iul:;Iule.;Iuli.;Iuliet.;M.;M. 2.;Man.;Boy.;Mo.;Moun.;Mount.;Mu.;Nur.;Nurs.;Nurse.;Offi.;Pa.;Par.;Pari.;Paris.;Page.;Boy.;Pet.;Peter.;Pri.;Prin.;Prince.;Ro.;Rom.;Rome.;Romeo.;Sam.;Samp.;Sampson.;Ser.;Tib.;Tyb.;Wat.;Watch.,cap.1;cap.2;mon.2;lam;cap.3;mus.3;wat.3;abr;apo;ben;cap;lac;cho;cit;wat.1;fel;fla;gre;mer;fjo;jul;mus.1;mus.2;bal;mon;mus;nur;off;par;pag;pet;pri;rom;sam;ser;tyb;wat
F-tim,First Lord;First Senator;Varro's First Servant;Second Lord;Second Senator;Varro's Second Servant;Third Lord;Third Servant;Alcibiades;All Ladies;All Lords;All;Apemantus;Both;Page;Caphis;Cupid;Flavius;Flaminius;Fool;Fourth Lord;Hortensius;Jeweller;Isidore;Lucullus;Lucilius;Lucius;Merchant;Messenger;Old Athenian;Painter;Philotus;Phrynia;Poet;Sempronius;Senator;Servant;Servilius;Soldier;Some Others;Some Speak;Timon;Timandra;Titus;Varro;Varro's Servant;Ventidius,"1;1 Lord.;1. L.;1. Lord.;1 Sen.;1. Sen.;1. Var.;1. Varro.;2;2 Lord.;2. Lord.;2. Sen.;2. Var.;2. Varro.;3;3. Lord.;3. Ser.;Al.;Alc.;Alci.;All La.;All Lor.;All.;Ap.;Ape.;Apem.;Aper.;Both.;Boy.;Page.;Ca.;Cap.;Caph.;Cup.;Fla.;Ste,;Stew.;ste.;Flam.;Flaminius;Foole.;4.;4;Hort.;Iew.;Iewel.;Isi.;Isid.;Luc.;Luci.;Lucil.;Lucius.;Mer.;Mes.;Old.;Oldm.;Pain.;Painter.;Phil.;Philo.;Phrin.;Po.;Poet.;Semp.;Sen.;Ser.;Seru.;Seruil.;Sol.;Some other.;Some speake.;Ti.;Tim.;Timo.;Timon.;Timan.;Tit.;Titus.;Var.;Varro.;Var. man.;Ventig.;Vint.",lor.1;sen.1;vsr.1;lor.2;sen.2;vsr.2;lor.3;ser.3;alc;las;lds;all;ape;bot;pag;cap;cup;flv;flm;foo;lor.4;hor;jwl;isi;lcl;luc;lcs;mer;mes;oat;pai;phi;phr;poe;sem;sen;ser;svl;sol;smo;sms;tim;tmd;tit;var;vsr;ven
F-jc,First Citizen;First Commoner;First Soldier;Second Citizen;Second Commoner;Second Soldier;Third Citizen;Third Commoner;Fourth Citizen;Fourth Commoner;All;Antony;Artemidorus;Both;Brutus;Caesar;Ligarius;Calpurnia;Carpenter;Cassius;Casca;Young Cato;Cicero;Cinna;Cinna the Poet;Claudius;Clitus;Cobbler;Dardanius;Decius Brutus;Flavius;Lepidus;Lucius;Lucilius;Messenger;Messala;Metellus Cimber;Marullus;Octavius;Pindarus;Commoners;Poet;Popilius;Portia;Publius;Servant;Soldier;Soothsayer;Strato;Tintinius;Trebonius;Varro;Volumnius,1;1.;1. Ple.;1. Sold.;2;2.;2 Ple.;2. Ple.;2. Sold.;3;3.;3 Ple.;3. Ple.;4;4.;4. Ple.;All.;An.;Ant.;Art.;Both.;Br.;Bru.;Brut.;Brutus.;Caes.;Ghost.;Cai.;Cal.;Calp.;Car.;Cas.;Cass.;Cassi.;Cassius.;Cask.;Caska.;Cato.;Cic.;Cin.;Cinna.;Cyn.;Cin.;Cinna.;Cyn.;Clau.;Clit.;Cly.;Cob.;Cobl.;Dard.;Dec.;Deci.;Decius.;Fla.;Flauius.;Lep.;Luc.;Lucil.;Mes.;Mess.;Messa.;Met.;Metel.;Mur.;Oct.;Octa.;Pin.;Pind.;Ple.;Poet.;Popil.;Por.;Pub.;Ser.;Sold.;Sooth.;Stra.;Tit.;Titin.;Treb.;Var.;Vol.;Volum.,cit.1;ple.1;sol.1;cit.2;ple.2;sol.2;cit.3;ple.3;cit.4;ple.4;all;ant;art;bot;bru;cae;lig;cal;car;cas;csc;cat;cic;cin;cnp;cla;cli;cob;dar;dec;fla;lep;luc;lcl;mes;msa;met;mar;oct;pin;pls;poe;pop;por;pub;ser;sol;soo;str;tit;tre;var;vol
F-mac,First Witch;First Apparition;First Murderer;Second Witch;Second Apparition;Second Murderer;Third Witch;Third Apparition;Third Murderer;All;Angus;Banquo;Captain (Sergeant);Caithness;Doctor;Donalbain;Fleance;Gentlewoman;Hecate;Duncan;Lady Macbeth;Lennox;Lord;Lords;Macbeth;Macduff;Malcolm;Menteith;Messenger;Murderer;Old Man;Porter;Ross;Servant;Siward;Seyton;Soldiers;Son;Lady Macduff;Young Siward,1;1.;1 Appar.;1. Murth.;1;1.;2;2.;2 Appar.;2. Murth;2. Murth.;2;2.;3;3 Appar.;3.;3;All.;Ang.;Ban.;Banq.;Banquo;Banquo.;Cap.;Cath.;Doct.;Don.;Donal.;Fleance.;Gent.;Hec.;King.;La.;Lad.;Lady.;Len.;Lenox.;Macb. and Lenox.;Lord.;Lords.;Mab.;Mac.;Macb.;Macb. and Lenox.;Macd.;Mal.;Malc.;Ment.;Mes.;Mess.;Mur.;Murth.;Old M.;Old man.;Port.;Porter.;Ro.;Ross.;Rosse.;Ser.;Seruant.;Sey.;Syew.Seyw.;Syw.;Seyt.;Sey.;Sold.;Son.;Wife.;Y. Sey.,wit.1;app.1;mur.1;wit.2;app.2;mur.2;wit.3;app.3;mur.3;all;ang;ban;sgt;cai;doc;don;fle;gen;hec;dun;lam;len;lor;lds;mcb;mcd;mal;men;mes;mur;oma;por;ros;ser;siw;sey;sls;smf;lmf;yse
F-ham,First Player;All;Ambassador;Player Prologue;Player Queen;Bernardo;Norwegian Captain;First Clown;Fortinbras;Francisco;Gentleman;Gentlemen;Father's Ghost;Guildenstern;Hamlet;Horatio;Claudius;Laertes;Lucianus;Marcellus;Messenger;Ophelia;Osric;Second Clown;Polonius;Player King;Priest;Gertrude;Rosencrantz;Reynaldo;Sailor;Servant;Voltemand,1. Play.;1. Player.;Al.;All.;Amb.;Bap.;Bapt.;Bar.;Barn.;Cap.;Clo.;Clown.;Clowne;For.;Fortin.;Fra.;Fran.;Gen.;Gentlemen;Gho.;Ghost.;Guil.;Guild.;Ha.;Ham.;Hamlet.;Hem.;Hor.;Hora.;Horat.;Hor. & Mar.;K.;Kin.;King.;La.;Laer.;Lucian.;Mar.;Marcell.;Hor. & Mar.;Mes.;Ophe.;Ophel.;Osr.;Osricke.;Other.;Palon.;Pol.;Polon.;Play.;Player.;Priest.;Qu.;Queen.;Queene.;Resin.;Ro.;Rosin.;Rsin.;Reynol.;Say.;Ser.;Volt.,pla.1;all;amb;plp;plq;ber;cap;clo.1;for;fra;gen;gmn;gho;gui;ham;hor;cla;lae;luc;mar;mes;oph;osr;clo.2;pol;plk;pri;ger;ros;rey;sai;ser;vol
F-oth,First Gentleman;First Senator;Second Gentleman;Second Senator;Third Gentleman;All;Bianca;Brabantio;Cassio;Clown;Desdemona;Duke of Venice;Emilia;Gentleman;Gratiano;Herald;Iago;Lodovico;Messenger;Montano;Musician;Officer;Othello;Roderigo;Sailor;Senator,1. Gent.;1. Sen.;2;2. Sena.;3;All.;Bian.;Bianca.;Bra.;Cas.;Cassi.;Cassio.;Clo.;Clow.;Des.;Desde.;Duke.;Emil.;Gent.;Gra.;Herald.;Ia.;Iag.;Iago.;Lod.;Lodo.;Lodoui.;Mess.;Messen.;Mon.;Mont.;Monta.;Mus.;Officer.;Oth.;Othe.;Othel.;Othello.;Rod.;Rodo.;Rodor.;Rodori.;Rodorigo.;Sailor.;Saylor;Sen.,gen.1;sen.1;gen.2;sen.2;gen.3;all;bia;bra;cas;clo;des;duv;emi;gen;gra;her;iag;lod;mes;mon;mus;off;oth;rod;sai;sen
F-ant,First Servant;First Guard;First Messenger;First Soldier;First Watchman;Second Servant;Second Guard;Second Messenger;Second Soldier;Second Watchman;Third Guard;Third Watchman;Third Soldier;Third Messenger;Fourth Guard;Fourth Soldier;Fourth Watchman;Agrippa;Alexas;All;Euphronius;Antony;Camidius (Canidius);Soldier;Charmian;Cleopatra;Clown;Octavius;Dercetas;Demetrius;Diomedes;Dolabella;Domitius Enobarus;Eros;Guards;Iras;Lepidus;Mardian;Mecaenas;Menas;Menecrates;Messenger;Octavia;Philo;Pompey;Proculeius;Roman (Silius);Scarus;Seleucus;Servant;Soothsayer;Thidius (Thyreus);Taurus;Varrius;Ventidius;Egyptian,1;1. Guard.;1;1. Mes.;1. Sol.;1;1. Watch.;1;2;2;2. Guard.;2;2. Mes.;2. Sol.;2;2. Sol.;2;3;3;3;3. Mes.;4;4;4;Agr.;Agri.;Agrip;Agrip.;Both.;Alex.;Alexas.;All.;Omnes.;Am.;Amb.;An.;Ant.;Anth.;Antho.;Cam.;Camid.;Cent.;Sol.;Sold.;Soul.;Ch.;Cha.;Char.;Cle.;Cleo.;Cleopa.;Clow.;Oct.;Octa.;Dec.;Decre.;Dercetus.;Dem.;Dio.;Diom.;Dol.;Dola.;Dolla.;Eno.;Enob.;Enobar.;Enor.;Ero.;Eros.;Gards.;Guards.;Iras.;Lep.;Lepi.;Lepidus.;Mar.;Mardi.;Mec.;Mece.;Mecenas.;Both.;Men.;Menas.;Mene.;Mes.;Mess.;Messen.;Octaui.;Philo.;Pom.;Pomp.;Pompey.;Pro.;Rom.;Romaine.;Scar.;Sel.;Seleu.;Ser.;Soot.;Sooth.;Thid.;Tow.;Var.;Ven.,ser.1;gua.1;mes.1;sol.1;wat.1;ser.2;gua.2;mes.2;sol.2;wat.2;gua.3;wat.3;sol.3;mes.3;gua.4;sol.4;wat.4;agr;ale;all;eup;ant;can;sol;cha;cle;clo;cae;der;dem;dio;dol;eno;ero;gds;ira;lep;mer;mec;mns;mnc;mes;oct;phi;pom;pro;rom;sca;sel;ser;soo;thy;tau;var;ven;egy
F-cym,First Lord;First British Captain;First Brother;First Gentleman;First Senator;Second Lord;Second British Captain;Second Brother;Second Gentleman;Second Gaoler;Second Senator;All;Arviragus;Belarius;Both;Brothers;Roman Captain;Cloten;Cornelius;Cymbeline;Frenchman;Gaoler;Guiderius;Iachimo;Imogen;Jupiter;Lady;Lord;Caius Lucius;Messenger;Mother;Philario;Pisanio;Posthumus Leonatus;Queen;Sicilius Leonatus;Soothsayer;Tribunes,"1;1.;1;1.;1 Bro.;1. Bro.;1. Gent.;1.;1;1. Sen.;2;2.;2;2.;2 Bro.;2 Gent.;2;2.;2. Gao.;2. Sen.;All.;Aru.;Arui.;Aruir.;Bel.;Bela.;Both.;Gui. Arui.;Brothers.;Cap,;Cap.;Clo.;Clot;Clot.;Cor.;Corn.;Cym.;French.;Gao.;Gui.;Guid.;Iac.;Iach';Iach.;Iachi.;Iaeh.;Imo.;Imogen;Iupiter.;La.;Lady.;Lo.;Lor.;Lord.;Luc.;Mes.;Mo.;Moth.;Phi.;Phil.;Pis.;Pisa.;Pisan.;Post.;Posth.;Posthmus.;Posthu.;Qu.;Queen.;Sic.;Sicil.;Sooth.;Tri.",lor.1;brc.1;bro.1;gen.1;sen.1;lor.2;brc.2;bro.2;gen.2;gao.2;sen.2;all;arv;bel;bot;brs;cap;clo;cor;cym;fre;gao;gui;iac;imo;jup;lad;lor;luc;mes;mot;phi;pis;leo;que;sic;soo;tri
